date,segment,monthly_recurring_revenue,active_users,churn_rate_pct,net_revenue_retention_pct,customer_acquisition_cost,lifetime_value,net_promoter_score
2024-01-01,Enterprise,471059.07,11153,3.26,106.46,4606.59,22208.07,48
2024-01-01,Mid-Market,238602.63,3136,2.13,120.52,1902.72,13570.25,50
2024-01-01,Growth SMB,112306.19,1715,3.96,112.52,1570.53,5638.25,71
2024-01-01,Early Startup,35252.92,470,1.6,111.59,1368.58,10974.66,66
2024-02-01,Enterprise,518653.47,9984,2.88,118.93,2978.28,22295.74,76
2024-02-01,Mid-Market,258245.82,3525,1.74,110.2,6594.82,23400.64,67
2024-02-01,Growth SMB,116532.55,1713,4.17,110.86,3103.84,12015.01,57
2024-02-01,Early Startup,35627.08,642,3.64,124.58,2240.11,11762.35,75
2024-03-01,Enterprise,495913.03,11230,1.35,117.09,2042.64,16443.17,58
2024-03-01,Mid-Market,258119.08,5051,2.4,118.56,5406.59,38079.59,62
2024-03-01,Growth SMB,122571.88,1596,3.37,105.22,1238.52,5571.48,65
2024-03-01,Early Startup,37337.94,642,3.81,123.7,6291.38,31301.04,66
2024-04-01,Enterprise,522150.68,10748,1.43,111.53,3607.76,26717.13,46
2024-04-01,Mid-Market,272133.21,4257,1.78,114.84,2879.68,18146.55,57
2024-04-01,Growth SMB,118486.51,2618,2.66,123.85,3126.16,21711.5,65
2024-04-01,Early Startup,40370.51,524,2.73,118.45,6230.96,33508.47,53
2024-05-01,Enterprise,525844.42,6811,3.52,106.3,4430.4,25167.84,46
2024-05-01,Mid-Market,286801.51,5775,1.03,117.09,5337.65,19495.68,65
2024-05-01,Growth SMB,126391.45,2830,1.39,116.5,2859.6,22619.68,71
2024-05-01,Early Startup,41835.99,809,4.1,113.49,3146.11,11755.89,43
2024-06-01,Enterprise,576566.49,9513,1.57,117.51,2616.01,16258.16,54
2024-06-01,Mid-Market,291621.76,3790,2.42,111.72,3230.33,23538.96,53
2024-06-01,Growth SMB,126511.88,2887,2.39,114.61,5909.09,26826.22,55
2024-06-01,Early Startup,42472.11,551,2.11,114.1,2898.4,22848.11,46
2024-07-01,Enterprise,606376.95,8567,2.61,104.72,3863.34,20925.46,47
2024-07-01,Mid-Market,295939.92,3535,2.71,119.72,1583.32,8649.73,46
2024-07-01,Growth SMB,135116.68,1643,3.05,105.69,3186.13,19397.54,56
2024-07-01,Early Startup,43833.43,571,2.88,112.22,2629.88,10513.23,54
2024-08-01,Enterprise,595918.07,8463,3.04,105.54,3413.45,14863.39,47
2024-08-01,Mid-Market,309095.81,7379,2.23,107.7,6124.25,37468.72,50
2024-08-01,Growth SMB,137664.67,1887,4.06,108.85,6162.62,48630.65,74
2024-08-01,Early Startup,44323.94,648,2.17,120.55,4175.25,27907.2,57
2024-09-01,Enterprise,630272.83,8174,1.3,122.32,4225.66,31565.38,57
2024-09-01,Mid-Market,305391.71,3762,1.65,122.57,3910.52,23135.61,53
2024-09-01,Growth SMB,142429.59,2606,0.93,109.98,1235.72,10007.19,76
2024-09-01,Early Startup,44601.27,612,1.98,118.76,5710.41,45396.36,56
2024-10-01,Enterprise,650449.59,12516,4.17,104.57,4579.76,30224.94,66
2024-10-01,Mid-Market,306395.49,3725,1.42,117.7,2446.99,12097.72,61
2024-10-01,Growth SMB,144295.23,3056,1.38,113.2,5440.78,42005.18,45
2024-10-01,Early Startup,45812.33,1029,0.86,118.56,4573.72,19512.36,50
2024-11-01,Enterprise,623462.64,8037,4.11,106.98,2496.26,18925.46,75
2024-11-01,Mid-Market,323276.33,7646,0.93,116.63,3400.21,12358.63,62
2024-11-01,Growth SMB,142711.06,1891,1.84,104.89,4494.77,24132.94,77
2024-11-01,Early Startup,47674.2,910,3.21,109.97,6263.76,32954.85,61
2024-12-01,Enterprise,641233.89,10836,3.63,121.72,2456.18,11206.5,71
2024-12-01,Mid-Market,346937.8,7833,2.33,111.42,6075.86,23650.69,49
2024-12-01,Growth SMB,156573.47,3700,2.47,113.73,3072.65,16452.47,61
2024-12-01,Early Startup,47240.01,718,3.54,120.72,2061.84,8662.76,51
