order_id,customer_id,product,price,quantity,order_date,country
O1001,C001,Desk Lamp,48.00,2,2025-01-03,US
O1002,C002,Notebook,8.50,4,2025-01-05,CA
O1003,C001,Desk Lamp,48.00,1,2025-01-08,US
O1004,C003,Monitor Stand,72.00,1,2025-02-01,UK
O1005,C004,Notebook,8.50,6,2025-02-03,US
O1006,C005,Task Light,64.00,2,2025-02-11,AU
O1007,C002,Task Light,64.00,1,2025-03-02,CA
O1008,C006,Monitor Stand,72.00,2,2025-03-08,US
O1009,C007,Desk Lamp,48.00,3,2025-03-12,UK
O1010,C008,Notebook,8.50,5,2025-04-02,AU
O1011,C003,Task Light,64.00,2,2025-04-08,US
O1012,C009,Monitor Stand,72.00,1,2025-04-18,CA
