date,origin_hub,destination_hub,carrier,shipping_mode,shipment_weight_kg,on_time_delivery_pct,transit_duration_hrs,fuel_cost_usd,carbon_footprint_kg
2024-01-01,Los Angeles Port,Singapore Hub,FedEx Logistics,Over-the-Road Trucking,381389,93.14,178.4,86702.61,137536.47
2024-01-01,Los Angeles Port,Frankfurt CargoCity,Apex Global,Air Freight,40991,85.03,102.0,7345.19,15179.92
2024-01-01,Los Angeles Port,Dallas Logistics Park,DHL Supply Chain,Air Freight,171989,92.44,48.8,53681.29,20202.75
2024-01-01,Chicago O'Hare,Singapore Hub,DHL Supply Chain,Air Freight,305374,88.02,51.3,85322.44,42329.76
2024-01-01,Chicago O'Hare,Frankfurt CargoCity,Maersk Lines,Intermodal Rail,365373,98.72,115.8,53126.41,27382.0
2024-01-01,Chicago O'Hare,Dallas Logistics Park,DHL Supply Chain,Ocean Cargo,227954,90.54,130.7,61809.12,18325.55
2024-01-01,Rotterdam Europort,Singapore Hub,Union Pacific,Ocean Cargo,427449,94.7,78.5,130802.72,84945.46
2024-01-01,Rotterdam Europort,Frankfurt CargoCity,Apex Global,Intermodal Rail,445179,87.79,18.3,78995.66,39457.01
2024-01-01,Rotterdam Europort,Dallas Logistics Park,Maersk Lines,Air Freight,339404,98.36,137.3,139626.72,39665.73
2024-02-01,Los Angeles Port,Singapore Hub,DHL Supply Chain,Ocean Cargo,400633,89.68,26.2,131035.26,71013.18
2024-02-01,Los Angeles Port,Frankfurt CargoCity,Apex Global,Over-the-Road Trucking,268091,98.28,53.7,96375.91,68012.59
2024-02-01,Los Angeles Port,Dallas Logistics Park,Apex Global,Intermodal Rail,97289,95.29,71.0,40250.29,7570.97
2024-02-01,Chicago O'Hare,Singapore Hub,DHL Supply Chain,Air Freight,206758,96.42,101.1,54722.03,78313.02
2024-02-01,Chicago O'Hare,Frankfurt CargoCity,Apex Global,Intermodal Rail,19138,93.69,57.2,6806.19,1534.09
2024-02-01,Chicago O'Hare,Dallas Logistics Park,Union Pacific,Air Freight,138030,84.76,165.7,17907.51,23115.94
2024-02-01,Rotterdam Europort,Singapore Hub,Union Pacific,Ocean Cargo,20039,97.85,75.5,5213.64,2425.99
2024-02-01,Rotterdam Europort,Frankfurt CargoCity,FedEx Logistics,Air Freight,344231,85.23,172.1,136557.23,108666.77
2024-02-01,Rotterdam Europort,Dallas Logistics Park,DHL Supply Chain,Over-the-Road Trucking,415826,88.31,145.5,104437.98,91270.33
2024-03-01,Los Angeles Port,Singapore Hub,FedEx Logistics,Over-the-Road Trucking,387461,88.43,142.9,101155.82,45740.45
2024-03-01,Los Angeles Port,Frankfurt CargoCity,Apex Global,Over-the-Road Trucking,249864,97.15,166.3,100880.56,15379.78
2024-03-01,Los Angeles Port,Dallas Logistics Park,Union Pacific,Over-the-Road Trucking,378265,93.58,58.2,133452.68,72289.63
2024-03-01,Chicago O'Hare,Singapore Hub,Maersk Lines,Intermodal Rail,145299,86.19,145.0,37545.05,31243.13
2024-03-01,Chicago O'Hare,Frankfurt CargoCity,FedEx Logistics,Intermodal Rail,403793,84.33,66.8,115431.62,27675.21
2024-03-01,Chicago O'Hare,Dallas Logistics Park,DHL Supply Chain,Ocean Cargo,308851,85.6,141.8,78816.13,82218.4
2024-03-01,Rotterdam Europort,Singapore Hub,Union Pacific,Air Freight,282247,91.85,145.4,121658.43,83668.25
2024-03-01,Rotterdam Europort,Frankfurt CargoCity,Union Pacific,Over-the-Road Trucking,324550,94.41,35.9,69918.41,49408.28
2024-03-01,Rotterdam Europort,Dallas Logistics Park,FedEx Logistics,Intermodal Rail,167297,92.14,75.8,39607.64,54107.76
2024-04-01,Los Angeles Port,Singapore Hub,Union Pacific,Air Freight,257998,87.28,149.1,97909.74,66726.4
2024-04-01,Los Angeles Port,Frankfurt CargoCity,Maersk Lines,Air Freight,76753,98.31,160.0,11808.25,13784.93
2024-04-01,Los Angeles Port,Dallas Logistics Park,Union Pacific,Over-the-Road Trucking,361658,89.3,102.5,138218.55,123630.71
2024-04-01,Chicago O'Hare,Singapore Hub,FedEx Logistics,Intermodal Rail,390197,90.68,116.9,67473.09,106251.81
2024-04-01,Chicago O'Hare,Frankfurt CargoCity,DHL Supply Chain,Air Freight,200388,86.51,18.3,71575.4,58451.65
2024-04-01,Chicago O'Hare,Dallas Logistics Park,Apex Global,Ocean Cargo,79925,84.29,44.9,33087.54,10366.84
2024-04-01,Rotterdam Europort,Singapore Hub,DHL Supply Chain,Ocean Cargo,321083,85.8,52.3,71482.97,33741.73
2024-04-01,Rotterdam Europort,Frankfurt CargoCity,FedEx Logistics,Over-the-Road Trucking,322086,95.39,110.6,143476.88,60185.9
2024-04-01,Rotterdam Europort,Dallas Logistics Park,Apex Global,Air Freight,64170,94.32,84.7,23658.6,7521.38
2024-05-01,Los Angeles Port,Singapore Hub,FedEx Logistics,Ocean Cargo,248612,97.23,120.3,73521.12,21897.8
2024-05-01,Los Angeles Port,Frankfurt CargoCity,Union Pacific,Air Freight,85463,98.18,89.1,37906.58,18721.01
2024-05-01,Los Angeles Port,Dallas Logistics Park,Union Pacific,Air Freight,145841,97.61,51.1,41940.32,27470.56
2024-05-01,Chicago O'Hare,Singapore Hub,Apex Global,Air Freight,54082,85.05,94.8,16496.3,13919.66
2024-05-01,Chicago O'Hare,Frankfurt CargoCity,Maersk Lines,Intermodal Rail,438291,97.4,136.5,153446.07,130773.16
2024-05-01,Chicago O'Hare,Dallas Logistics Park,Apex Global,Air Freight,123117,96.82,96.6,28328.9,38315.76
2024-05-01,Rotterdam Europort,Singapore Hub,Union Pacific,Ocean Cargo,412650,96.47,83.5,115473.36,22452.84
2024-05-01,Rotterdam Europort,Frankfurt CargoCity,Apex Global,Ocean Cargo,319359,84.24,63.5,60239.28,20392.73
2024-05-01,Rotterdam Europort,Dallas Logistics Park,DHL Supply Chain,Ocean Cargo,370054,92.23,174.8,52535.22,97673.88
2024-06-01,Los Angeles Port,Singapore Hub,Maersk Lines,Air Freight,283620,96.22,88.2,127365.28,66505.93
2024-06-01,Los Angeles Port,Frankfurt CargoCity,FedEx Logistics,Air Freight,94698,85.06,136.1,30376.75,26817.46
2024-06-01,Los Angeles Port,Dallas Logistics Park,FedEx Logistics,Intermodal Rail,432339,94.99,124.4,153001.6,22810.21
2024-06-01,Chicago O'Hare,Singapore Hub,Maersk Lines,Over-the-Road Trucking,286421,96.8,78.5,94105.41,23335.47
2024-06-01,Chicago O'Hare,Frankfurt CargoCity,Apex Global,Intermodal Rail,369211,95.65,112.6,139579.03,110053.13
2024-06-01,Chicago O'Hare,Dallas Logistics Park,Maersk Lines,Over-the-Road Trucking,354443,86.13,126.7,115107.61,104540.68
2024-06-01,Rotterdam Europort,Singapore Hub,DHL Supply Chain,Over-the-Road Trucking,139168,89.27,81.3,23987.56,18817.77
2024-06-01,Rotterdam Europort,Frankfurt CargoCity,FedEx Logistics,Over-the-Road Trucking,262572,93.94,162.0,81661.53,67924.52
2024-06-01,Rotterdam Europort,Dallas Logistics Park,DHL Supply Chain,Ocean Cargo,205121,90.31,133.5,50757.18,50091.91
2024-07-01,Los Angeles Port,Singapore Hub,Union Pacific,Air Freight,310866,97.1,158.7,111611.36,92046.99
2024-07-01,Los Angeles Port,Frankfurt CargoCity,Apex Global,Intermodal Rail,330097,94.58,80.0,129135.34,88346.68
2024-07-01,Los Angeles Port,Dallas Logistics Park,Apex Global,Intermodal Rail,424983,92.35,104.4,140300.22,126184.61
2024-07-01,Chicago O'Hare,Singapore Hub,Apex Global,Air Freight,177781,88.1,48.9,62086.73,21720.6
2024-07-01,Chicago O'Hare,Frankfurt CargoCity,Maersk Lines,Intermodal Rail,260172,96.39,144.0,96544.87,29125.84
2024-07-01,Chicago O'Hare,Dallas Logistics Park,Maersk Lines,Intermodal Rail,428540,95.37,42.4,82145.2,87043.65
2024-07-01,Rotterdam Europort,Singapore Hub,Union Pacific,Ocean Cargo,166956,97.5,151.5,54747.07,55626.36
2024-07-01,Rotterdam Europort,Frankfurt CargoCity,Apex Global,Intermodal Rail,410319,87.06,101.3,148927.55,79609.46
2024-07-01,Rotterdam Europort,Dallas Logistics Park,Maersk Lines,Air Freight,112537,95.37,149.7,39754.43,41548.32
2024-08-01,Los Angeles Port,Singapore Hub,DHL Supply Chain,Over-the-Road Trucking,90403,88.96,139.2,34913.59,30117.55
2024-08-01,Los Angeles Port,Frankfurt CargoCity,FedEx Logistics,Air Freight,192826,92.68,67.3,43380.93,70802.35
2024-08-01,Los Angeles Port,Dallas Logistics Park,FedEx Logistics,Over-the-Road Trucking,263724,95.91,109.7,58867.61,70132.88
2024-08-01,Chicago O'Hare,Singapore Hub,Maersk Lines,Over-the-Road Trucking,425591,88.7,39.5,122927.61,22030.39
2024-08-01,Chicago O'Hare,Frankfurt CargoCity,Union Pacific,Over-the-Road Trucking,244204,90.12,81.3,34891.46,63650.88
2024-08-01,Chicago O'Hare,Dallas Logistics Park,FedEx Logistics,Over-the-Road Trucking,444505,94.75,81.1,86913.57,109775.45
2024-08-01,Rotterdam Europort,Singapore Hub,FedEx Logistics,Intermodal Rail,282885,89.65,118.2,93044.83,57952.99
2024-08-01,Rotterdam Europort,Frankfurt CargoCity,DHL Supply Chain,Air Freight,45257,93.87,148.3,16110.73,11121.56
2024-08-01,Rotterdam Europort,Dallas Logistics Park,FedEx Logistics,Over-the-Road Trucking,308052,94.26,127.8,74896.83,111132.33
2024-09-01,Los Angeles Port,Singapore Hub,DHL Supply Chain,Air Freight,313326,94.5,130.9,104666.82,44130.44
2024-09-01,Los Angeles Port,Frankfurt CargoCity,Apex Global,Over-the-Road Trucking,341719,96.32,85.0,64029.59,21860.77
2024-09-01,Los Angeles Port,Dallas Logistics Park,Apex Global,Ocean Cargo,387828,98.42,27.8,134258.48,22586.66
2024-09-01,Chicago O'Hare,Singapore Hub,FedEx Logistics,Over-the-Road Trucking,392038,96.74,148.1,171361.24,88937.18
2024-09-01,Chicago O'Hare,Frankfurt CargoCity,Maersk Lines,Intermodal Rail,151285,97.4,112.7,59780.47,39644.33
2024-09-01,Chicago O'Hare,Dallas Logistics Park,Maersk Lines,Ocean Cargo,385250,93.01,75.5,52839.54,23298.16
2024-09-01,Rotterdam Europort,Singapore Hub,Maersk Lines,Intermodal Rail,413237,97.92,117.8,83174.02,114848.61
2024-09-01,Rotterdam Europort,Frankfurt CargoCity,Union Pacific,Over-the-Road Trucking,336690,95.21,64.4,129582.32,127635.31
2024-09-01,Rotterdam Europort,Dallas Logistics Park,Union Pacific,Intermodal Rail,130945,94.51,115.7,42461.17,47199.8
2024-10-01,Los Angeles Port,Singapore Hub,DHL Supply Chain,Air Freight,422931,85.02,176.0,164774.51,140134.23
2024-10-01,Los Angeles Port,Frankfurt CargoCity,Union Pacific,Ocean Cargo,102954,92.39,145.9,26495.41,10859.48
2024-10-01,Los Angeles Port,Dallas Logistics Park,DHL Supply Chain,Over-the-Road Trucking,215753,88.08,34.4,37815.47,21273.45
2024-10-01,Chicago O'Hare,Singapore Hub,Union Pacific,Over-the-Road Trucking,80149,86.52,36.5,9848.15,8122.19
2024-10-01,Chicago O'Hare,Frankfurt CargoCity,Union Pacific,Over-the-Road Trucking,376309,84.31,151.9,90557.47,62738.2
2024-10-01,Chicago O'Hare,Dallas Logistics Park,DHL Supply Chain,Air Freight,262908,86.59,163.5,98944.14,19780.77
2024-10-01,Rotterdam Europort,Singapore Hub,Maersk Lines,Intermodal Rail,404150,88.6,109.3,155701.06,38498.93
2024-10-01,Rotterdam Europort,Frankfurt CargoCity,Maersk Lines,Ocean Cargo,81983,88.62,68.5,9922.94,8813.2
2024-10-01,Rotterdam Europort,Dallas Logistics Park,Apex Global,Over-the-Road Trucking,427736,90.99,67.6,167409.8,29429.51
2024-11-01,Los Angeles Port,Singapore Hub,Maersk Lines,Intermodal Rail,261536,86.9,74.2,78614.68,98673.62
2024-11-01,Los Angeles Port,Frankfurt CargoCity,Maersk Lines,Air Freight,155558,84.68,38.5,47545.25,47056.75
2024-11-01,Los Angeles Port,Dallas Logistics Park,DHL Supply Chain,Intermodal Rail,341873,86.97,97.3,124695.33,72664.35
2024-11-01,Chicago O'Hare,Singapore Hub,FedEx Logistics,Intermodal Rail,21587,89.49,157.3,5488.4,3417.59
2024-11-01,Chicago O'Hare,Frankfurt CargoCity,FedEx Logistics,Intermodal Rail,258935,85.92,49.8,112371.78,27942.26
2024-11-01,Chicago O'Hare,Dallas Logistics Park,Union Pacific,Over-the-Road Trucking,405136,91.8,158.9,102465.39,149972.3
2024-11-01,Rotterdam Europort,Singapore Hub,Apex Global,Intermodal Rail,124388,94.06,40.9,38359.96,13824.38
2024-11-01,Rotterdam Europort,Frankfurt CargoCity,FedEx Logistics,Ocean Cargo,366643,91.46,83.9,153276.19,91393.4
2024-11-01,Rotterdam Europort,Dallas Logistics Park,Apex Global,Ocean Cargo,171877,87.84,170.1,71331.55,27735.53
2024-12-01,Los Angeles Port,Singapore Hub,Union Pacific,Over-the-Road Trucking,135062,89.13,178.1,17332.28,18013.65
2024-12-01,Los Angeles Port,Frankfurt CargoCity,Maersk Lines,Air Freight,166014,92.95,139.8,54078.68,41186.89
2024-12-01,Los Angeles Port,Dallas Logistics Park,DHL Supply Chain,Air Freight,296075,95.4,42.6,80309.39,49119.55
2024-12-01,Chicago O'Hare,Singapore Hub,Maersk Lines,Air Freight,118751,98.0,24.5,25671.84,14070.63
2024-12-01,Chicago O'Hare,Frankfurt CargoCity,FedEx Logistics,Ocean Cargo,236094,84.1,143.1,83062.86,59739.74
2024-12-01,Chicago O'Hare,Dallas Logistics Park,Maersk Lines,Ocean Cargo,212478,98.21,78.9,75149.26,43978.05
2024-12-01,Rotterdam Europort,Singapore Hub,Union Pacific,Over-the-Road Trucking,341237,87.11,73.1,98444.03,86330.44
2024-12-01,Rotterdam Europort,Frankfurt CargoCity,DHL Supply Chain,Air Freight,394593,95.76,38.0,128908.16,55990.91
2024-12-01,Rotterdam Europort,Dallas Logistics Park,DHL Supply Chain,Air Freight,181536,96.76,44.0,23280.29,35977.31
