date,store_location,department,foot_traffic,store_sales,online_orders,total_revenue,returns_usd,inventory_turnover,stockout_rate_pct
2024-01-01,New York Flagship,Apparel,16995,1278703.82,4072,1619918.12,75731.12,3.86,2.47
2024-01-01,New York Flagship,Footwear,12563,376896.81,430,396822.15,31029.35,8.69,1.41
2024-01-01,New York Flagship,Electronics,6511,505018.21,1484,601145.42,30950.2,6.05,1.75
2024-01-01,New York Flagship,Home & Kitchen,3947,167811.69,489,192696.62,11003.59,5.72,4.73
2024-01-01,New York Flagship,Beauty & Personal Care,12594,883553.01,946,936608.54,22387.84,9.46,4.65
2024-01-01,New York Flagship,Outdoor Gear,9633,419838.16,2912,594581.74,20490.2,7.71,3.12
2024-01-01,Chicago Central,Apparel,13406,425083.09,3452,638488.14,38150.52,5.26,2.74
2024-01-01,Chicago Central,Footwear,14617,786266.24,1800,980707.64,65224.87,9.4,4.35
2024-01-01,Chicago Central,Electronics,12734,343252.36,4098,666396.98,51759.27,8.77,3.71
2024-01-01,Chicago Central,Home & Kitchen,10468,574254.23,679,616990.45,23307.68,4.29,0.57
2024-01-01,Chicago Central,Beauty & Personal Care,3768,245845.82,2327,394952.37,8232.7,4.51,3.56
2024-01-01,Chicago Central,Outdoor Gear,13866,362547.38,2578,587658.36,44014.19,8.81,2.43
2024-01-01,San Francisco Bay,Apparel,3654,217248.97,1104,319285.51,18599.48,9.06,2.53
2024-01-01,San Francisco Bay,Footwear,16148,1233963.59,2990,1516372.16,81393.75,8.29,2.62
2024-01-01,San Francisco Bay,Electronics,1406,64594.87,1784,168266.23,12408.93,6.34,2.92
2024-01-01,San Francisco Bay,Home & Kitchen,16020,576085.04,1978,762236.25,25708.62,3.71,1.75
2024-01-01,San Francisco Bay,Beauty & Personal Care,12017,684534.31,1897,848001.16,61300.0,8.5,1.3
2024-01-01,San Francisco Bay,Outdoor Gear,17357,1240395.35,1963,1431755.68,105614.14,5.3,0.97
2024-01-01,Austin Downtown,Apparel,2506,115070.6,2975,317123.6,12141.67,4.29,2.8
2024-01-01,Austin Downtown,Footwear,4948,300721.72,963,403078.15,15878.13,6.62,3.52
2024-01-01,Austin Downtown,Electronics,15008,543578.7,1591,641211.77,31954.73,5.19,1.72
2024-01-01,Austin Downtown,Home & Kitchen,5937,267272.3,1154,340103.57,25336.34,4.78,1.12
2024-01-01,Austin Downtown,Beauty & Personal Care,6991,370257.43,3810,730322.53,25019.57,8.01,2.08
2024-01-01,Austin Downtown,Outdoor Gear,8977,515976.99,2230,734668.79,49884.53,4.19,2.69
2024-01-01,Seattle Metro,Apparel,16908,1184711.32,3111,1461720.0,30689.21,6.58,1.47
2024-01-01,Seattle Metro,Footwear,4111,112583.38,788,183433.21,7925.07,9.38,1.09
2024-01-01,Seattle Metro,Electronics,9355,590975.02,4361,984450.54,33188.78,4.35,4.72
2024-01-01,Seattle Metro,Home & Kitchen,17571,907725.46,2349,1165543.46,90825.16,6.88,4.3
2024-01-01,Seattle Metro,Beauty & Personal Care,8358,342558.22,3470,656673.93,46492.3,8.85,2.24
2024-01-01,Seattle Metro,Outdoor Gear,13383,932152.62,1948,1040278.05,76890.33,7.2,0.54
2024-01-01,Miami Beach,Apparel,3757,280450.56,2500,393773.07,11674.77,6.82,3.48
2024-01-01,Miami Beach,Footwear,15192,483892.76,1600,574490.32,24121.77,8.11,3.6
2024-01-01,Miami Beach,Electronics,5935,319453.05,1254,405855.57,14575.14,4.81,4.68
2024-01-01,Miami Beach,Home & Kitchen,4636,228358.05,3654,495961.06,20336.74,7.46,3.38
2024-01-01,Miami Beach,Beauty & Personal Care,6800,223948.53,1115,294472.51,6319.07,7.46,1.26
2024-01-01,Miami Beach,Outdoor Gear,11916,448701.5,2865,646559.3,13530.8,9.33,2.34
2024-02-01,New York Flagship,Apparel,13668,738733.23,999,839078.4,31605.51,5.74,4.16
2024-02-01,New York Flagship,Footwear,3016,133013.81,869,224650.81,5442.16,4.58,3.39
2024-02-01,New York Flagship,Electronics,4209,152505.39,2837,441962.37,28482.76,7.8,3.52
2024-02-01,New York Flagship,Home & Kitchen,8543,452419.5,3106,676939.06,23944.97,7.24,0.85
2024-02-01,New York Flagship,Beauty & Personal Care,13523,902045.36,2668,1034407.93,45314.34,3.54,4.31
2024-02-01,New York Flagship,Outdoor Gear,14603,794643.19,3074,1067250.73,42358.29,4.22,4.72
2024-02-01,Chicago Central,Apparel,11107,268508.89,4154,552693.97,15267.41,6.65,3.81
2024-02-01,Chicago Central,Footwear,4251,323305.99,1176,391084.4,17474.13,7.82,1.09
2024-02-01,Chicago Central,Electronics,7999,613105.08,935,698609.6,15693.6,5.83,2.36
2024-02-01,Chicago Central,Home & Kitchen,6377,168311.72,1040,227572.68,5655.72,6.03,3.46
2024-02-01,Chicago Central,Beauty & Personal Care,2281,167087.74,3149,357873.62,9173.16,4.41,4.52
2024-02-01,Chicago Central,Outdoor Gear,14384,1085595.8,4370,1468898.27,67775.52,8.02,0.71
2024-02-01,San Francisco Bay,Apparel,2879,88915.61,3044,293539.92,7487.6,3.82,1.84
2024-02-01,San Francisco Bay,Footwear,14445,886992.92,3259,1054372.62,52188.23,6.32,1.24
2024-02-01,San Francisco Bay,Electronics,5652,250475.53,3149,445581.54,9320.8,9.36,2.65
2024-02-01,San Francisco Bay,Home & Kitchen,10407,612835.38,3387,780786.44,45711.26,3.37,3.02
2024-02-01,San Francisco Bay,Beauty & Personal Care,2051,111218.66,4046,462467.03,21964.95,6.8,4.55
2024-02-01,San Francisco Bay,Outdoor Gear,9202,625219.8,4213,871404.28,31751.94,4.62,2.12
2024-02-01,Austin Downtown,Apparel,3282,134059.97,4485,428874.34,30318.21,3.35,4.0
2024-02-01,Austin Downtown,Footwear,10008,498179.2,1125,599753.11,34627.69,8.99,3.66
2024-02-01,Austin Downtown,Electronics,12857,587749.69,3267,906100.08,71971.81,5.92,2.1
2024-02-01,Austin Downtown,Home & Kitchen,3343,137347.15,4432,405522.13,24651.97,8.08,1.52
2024-02-01,Austin Downtown,Beauty & Personal Care,14784,767619.85,895,855974.01,33556.73,9.11,2.17
2024-02-01,Austin Downtown,Outdoor Gear,17979,1360620.58,4471,1664956.35,128881.03,7.67,2.57
2024-02-01,Seattle Metro,Apparel,6686,178275.02,3440,398636.95,15833.81,7.64,3.74
2024-02-01,Seattle Metro,Footwear,2367,156739.46,2456,415872.98,32627.27,9.77,0.74
2024-02-01,Seattle Metro,Electronics,6534,343500.76,1253,450236.53,11736.48,3.76,3.51
2024-02-01,Seattle Metro,Home & Kitchen,7513,332168.44,2981,494720.32,25131.58,4.74,3.0
2024-02-01,Seattle Metro,Beauty & Personal Care,10780,460909.25,799,509156.5,37912.62,7.11,2.01
2024-02-01,Seattle Metro,Outdoor Gear,3010,197215.88,2514,379668.0,28240.19,3.93,2.62
2024-02-01,Miami Beach,Apparel,5948,265823.95,4009,460900.74,12503.81,3.98,3.29
2024-02-01,Miami Beach,Footwear,7730,422588.67,804,478359.41,17767.57,8.93,1.46
2024-02-01,Miami Beach,Electronics,17717,1185588.3,2152,1327565.67,30008.36,9.3,4.45
2024-02-01,Miami Beach,Home & Kitchen,15043,394492.67,1556,486440.74,18324.05,9.77,3.5
2024-02-01,Miami Beach,Beauty & Personal Care,4530,328265.76,1653,504767.72,37057.94,6.21,3.17
2024-02-01,Miami Beach,Outdoor Gear,10537,342819.03,4485,657833.97,22210.9,4.96,2.05
2024-03-01,New York Flagship,Apparel,6035,466069.78,2808,717406.91,21347.89,9.21,4.04
2024-03-01,New York Flagship,Footwear,6913,313378.65,2138,537326.62,13414.31,8.99,2.87
2024-03-01,New York Flagship,Electronics,6324,148465.71,2124,351401.48,17156.2,9.7,2.12
2024-03-01,New York Flagship,Home & Kitchen,5358,235791.7,4300,560291.44,25151.02,5.0,0.74
2024-03-01,New York Flagship,Beauty & Personal Care,13963,942816.06,1968,1158865.84,61797.57,8.28,4.56
2024-03-01,New York Flagship,Outdoor Gear,14656,520299.0,2348,771566.27,43493.56,4.71,3.39
2024-03-01,Chicago Central,Apparel,11215,276182.86,1874,442317.19,22654.81,8.3,2.74
2024-03-01,Chicago Central,Footwear,5563,376713.02,535,420294.64,30513.06,5.86,1.08
2024-03-01,Chicago Central,Electronics,16454,1057789.59,4281,1446355.35,47408.42,4.1,0.56
2024-03-01,Chicago Central,Home & Kitchen,8149,456775.24,1658,578531.91,42955.72,5.5,2.71
2024-03-01,Chicago Central,Beauty & Personal Care,10750,475218.75,3477,826582.26,63623.06,4.17,4.48
2024-03-01,Chicago Central,Outdoor Gear,5364,412394.11,4118,752859.01,30486.12,6.75,2.48
2024-03-01,San Francisco Bay,Apparel,16383,499788.82,3745,838143.55,25818.2,7.8,2.27
2024-03-01,San Francisco Bay,Footwear,4466,227110.48,971,281681.45,8883.48,3.47,1.23
2024-03-01,San Francisco Bay,Electronics,14091,584306.93,823,632379.75,26469.01,6.52,3.47
2024-03-01,San Francisco Bay,Home & Kitchen,11688,572059.13,2561,700914.15,50756.5,9.28,0.76
2024-03-01,San Francisco Bay,Beauty & Personal Care,14768,394792.24,1576,566744.41,29581.47,9.3,1.52
2024-03-01,San Francisco Bay,Outdoor Gear,9350,483870.75,664,516441.4,14906.74,4.08,3.45
2024-03-01,Austin Downtown,Apparel,7070,167604.53,3645,437632.71,22738.1,4.8,1.66
2024-03-01,Austin Downtown,Footwear,13972,450008.74,1362,539812.41,17644.78,5.36,1.01
2024-03-01,Austin Downtown,Electronics,7488,308534.84,1903,438094.47,25816.63,6.37,3.01
2024-03-01,Austin Downtown,Home & Kitchen,15569,828793.4,4307,1143453.65,31622.0,5.07,2.06
2024-03-01,Austin Downtown,Beauty & Personal Care,16879,910851.35,2275,1086904.73,43281.53,9.36,0.53
2024-03-01,Austin Downtown,Outdoor Gear,2805,100345.04,2863,387512.93,9793.71,8.52,0.74
2024-03-01,Seattle Metro,Apparel,14246,354605.54,2890,561748.58,44345.96,3.94,2.21
2024-03-01,Seattle Metro,Footwear,15243,1118442.23,945,1220860.73,60365.37,7.97,4.03
2024-03-01,Seattle Metro,Electronics,2046,106314.37,1441,237750.73,7600.99,8.06,2.78
2024-03-01,Seattle Metro,Home & Kitchen,3248,182520.46,1873,337568.31,9877.84,6.38,2.79
2024-03-01,Seattle Metro,Beauty & Personal Care,14177,672542.79,560,700049.64,55582.27,5.33,3.98
2024-03-01,Seattle Metro,Outdoor Gear,9712,289166.91,2676,541820.94,30200.19,6.31,2.27
2024-03-01,Miami Beach,Apparel,10510,778303.67,4327,1244437.31,34169.55,8.02,4.53
2024-03-01,Miami Beach,Footwear,9362,240826.13,3691,544745.85,38409.88,4.12,3.92
2024-03-01,Miami Beach,Electronics,16724,1130813.07,377,1160595.79,48199.34,8.99,2.19
2024-03-01,Miami Beach,Home & Kitchen,11735,555172.54,3897,958427.8,55057.93,6.76,2.39
2024-03-01,Miami Beach,Beauty & Personal Care,10384,363480.61,1548,472531.54,24529.8,3.64,1.48
2024-03-01,Miami Beach,Outdoor Gear,12502,356885.72,2926,607939.51,24374.93,4.12,3.91
2024-04-01,New York Flagship,Apparel,6988,347609.14,777,427720.18,28792.34,4.2,1.84
2024-04-01,New York Flagship,Footwear,3536,84431.96,2945,353646.68,17554.63,8.18,0.94
2024-04-01,New York Flagship,Electronics,7571,360319.12,3528,642879.96,31617.77,5.9,3.82
2024-04-01,New York Flagship,Home & Kitchen,16970,982635.42,2255,1163660.26,40853.72,5.48,1.28
2024-04-01,New York Flagship,Beauty & Personal Care,15353,632257.4,3505,881306.37,42056.25,9.45,1.16
2024-04-01,New York Flagship,Outdoor Gear,11580,344974.07,3581,648444.22,13673.49,8.96,4.51
2024-04-01,Chicago Central,Apparel,5651,415066.12,3235,565482.2,33409.84,8.29,2.11
2024-04-01,Chicago Central,Footwear,8396,233726.42,3668,619460.46,29145.84,3.95,4.73
2024-04-01,Chicago Central,Electronics,2845,92274.64,3330,441440.87,31869.29,6.62,3.04
2024-04-01,Chicago Central,Home & Kitchen,3908,168986.29,1632,277984.01,18950.51,3.23,1.93
2024-04-01,Chicago Central,Beauty & Personal Care,2825,207671.16,685,259231.46,12663.51,9.26,3.02
2024-04-01,Chicago Central,Outdoor Gear,10346,489744.6,1505,574724.66,28679.95,5.96,4.43
2024-04-01,San Francisco Bay,Apparel,5580,304182.25,3013,442331.73,26456.85,4.38,4.63
2024-04-01,San Francisco Bay,Footwear,5443,246126.75,2024,361474.69,13727.27,5.25,2.21
2024-04-01,San Francisco Bay,Electronics,3682,124284.85,1022,193484.63,9305.43,7.32,2.12
2024-04-01,San Francisco Bay,Home & Kitchen,8511,456454.32,2365,608081.34,38213.99,6.68,2.8
2024-04-01,San Francisco Bay,Beauty & Personal Care,6432,285855.65,1246,354498.56,10959.57,8.89,4.57
2024-04-01,San Francisco Bay,Outdoor Gear,14287,532175.09,2201,706555.04,48077.53,9.66,4.11
2024-04-01,Austin Downtown,Apparel,16908,758275.3,3106,949302.86,30156.3,6.54,3.06
2024-04-01,Austin Downtown,Footwear,4500,143993.25,3975,384408.73,9981.74,4.8,3.61
2024-04-01,Austin Downtown,Electronics,16349,1119780.82,464,1144915.85,50815.42,5.34,0.87
2024-04-01,Austin Downtown,Home & Kitchen,5625,150685.19,2498,400805.75,10968.7,8.98,3.26
2024-04-01,Austin Downtown,Beauty & Personal Care,9905,723014.92,3894,963907.59,41237.46,7.1,1.65
2024-04-01,Austin Downtown,Outdoor Gear,15796,652860.69,1579,780575.05,36037.27,5.14,4.58
2024-04-01,Seattle Metro,Apparel,12293,807238.18,3061,1057552.93,83675.74,6.31,1.28
2024-04-01,Seattle Metro,Footwear,4386,222359.8,2899,484501.82,21392.21,4.64,3.27
2024-04-01,Seattle Metro,Electronics,9833,712224.34,2957,897628.17,18943.04,9.23,1.01
2024-04-01,Seattle Metro,Home & Kitchen,6675,333036.32,2381,525948.68,31075.8,8.68,1.39
2024-04-01,Seattle Metro,Beauty & Personal Care,9241,275761.03,2374,521472.91,37772.06,7.14,3.08
2024-04-01,Seattle Metro,Outdoor Gear,16356,520460.87,2008,720210.59,31878.6,8.29,2.31
2024-04-01,Miami Beach,Apparel,4267,322939.88,4076,528296.56,29684.52,4.82,2.17
2024-04-01,Miami Beach,Footwear,8019,499315.63,3154,766384.69,58979.75,5.82,4.6
2024-04-01,Miami Beach,Electronics,8915,465641.11,2062,671221.33,47512.05,9.5,1.17
2024-04-01,Miami Beach,Home & Kitchen,15736,1025532.17,1824,1148442.31,47192.26,5.92,3.53
2024-04-01,Miami Beach,Beauty & Personal Care,13512,483709.52,3869,858855.62,52975.75,5.0,3.04
2024-04-01,Miami Beach,Outdoor Gear,17514,1284994.48,3304,1603337.79,98498.83,6.64,0.87
2024-05-01,New York Flagship,Apparel,13055,925403.24,4362,1350377.52,80383.93,7.77,4.15
2024-05-01,New York Flagship,Footwear,17096,1240970.83,4026,1603537.85,37034.91,7.62,0.69
2024-05-01,New York Flagship,Electronics,6006,468250.56,3457,829530.36,18280.16,7.8,1.78
2024-05-01,New York Flagship,Home & Kitchen,16223,461638.33,1126,581419.19,28171.42,8.89,4.13
2024-05-01,New York Flagship,Beauty & Personal Care,5697,292007.35,914,335335.97,18703.76,4.72,1.02
2024-05-01,New York Flagship,Outdoor Gear,14609,1045418.7,3283,1287267.76,56986.22,6.98,3.96
2024-05-01,Chicago Central,Apparel,12979,860254.57,1220,973666.53,49861.55,6.02,4.27
2024-05-01,Chicago Central,Footwear,12913,301730.89,3541,689017.8,13790.18,4.42,2.15
2024-05-01,Chicago Central,Electronics,15119,1008919.01,1113,1084376.26,71602.77,5.85,2.56
2024-05-01,Chicago Central,Home & Kitchen,14184,773345.77,2071,999013.17,66031.18,5.96,2.31
2024-05-01,Chicago Central,Beauty & Personal Care,13876,874288.2,4060,1086142.32,44833.05,5.1,1.77
2024-05-01,Chicago Central,Outdoor Gear,15469,850641.52,731,884385.8,70099.38,6.02,2.15
2024-05-01,San Francisco Bay,Apparel,10355,354371.06,2341,581142.11,20653.19,7.08,4.72
2024-05-01,San Francisco Bay,Footwear,9402,682665.51,1184,799871.76,21772.77,3.51,2.15
2024-05-01,San Francisco Bay,Electronics,11945,784269.65,4145,1186542.02,68566.32,4.63,2.73
2024-05-01,San Francisco Bay,Home & Kitchen,11306,499607.09,3037,733234.73,58497.57,9.12,2.49
2024-05-01,San Francisco Bay,Beauty & Personal Care,8487,542156.43,3460,831208.62,45554.53,3.8,4.27
2024-05-01,San Francisco Bay,Outdoor Gear,12074,353198.74,1518,515802.87,36997.33,8.54,3.32
2024-05-01,Austin Downtown,Apparel,16785,753199.68,1274,810950.53,50070.4,3.52,2.79
2024-05-01,Austin Downtown,Footwear,9428,323665.68,3320,666094.45,52946.86,3.61,4.3
2024-05-01,Austin Downtown,Electronics,17901,987684.74,3045,1237788.04,73929.02,6.79,4.22
2024-05-01,Austin Downtown,Home & Kitchen,2512,178862.64,2683,414428.35,29438.88,8.92,3.55
2024-05-01,Austin Downtown,Beauty & Personal Care,1562,55242.69,2016,235088.34,13427.47,8.17,1.18
2024-05-01,Austin Downtown,Outdoor Gear,17306,1312377.25,3108,1458145.79,101412.59,4.05,1.94
2024-05-01,Seattle Metro,Apparel,4941,360136.02,2429,598585.74,41857.93,6.55,0.53
2024-05-01,Seattle Metro,Footwear,11082,852720.29,2364,976900.86,41617.66,3.26,4.02
2024-05-01,Seattle Metro,Electronics,2207,61775.95,3826,368553.54,28665.92,5.46,3.22
2024-05-01,Seattle Metro,Home & Kitchen,6284,415832.33,2187,623828.1,47933.62,4.3,3.82
2024-05-01,Seattle Metro,Beauty & Personal Care,9273,449927.24,321,477327.64,10856.59,8.95,4.69
2024-05-01,Seattle Metro,Outdoor Gear,13139,765532.33,2728,956314.46,22891.84,8.62,2.1
2024-05-01,Miami Beach,Apparel,13001,401737.97,3656,790662.29,20661.28,8.84,2.77
2024-05-01,Miami Beach,Footwear,4044,246062.05,2123,352965.22,21470.86,7.52,1.68
2024-05-01,Miami Beach,Electronics,12845,391248.96,1288,528208.48,23866.38,7.41,2.21
2024-05-01,Miami Beach,Home & Kitchen,6826,306642.38,4263,699211.28,45274.08,4.52,4.23
2024-05-01,Miami Beach,Beauty & Personal Care,17083,914179.94,2555,1119372.33,33082.76,4.54,0.89
2024-05-01,Miami Beach,Outdoor Gear,9911,645915.96,3933,1017452.94,58578.04,4.07,0.64
2024-06-01,New York Flagship,Apparel,13291,1012516.76,826,1075539.7,29080.97,4.03,3.45
2024-06-01,New York Flagship,Footwear,2963,157842.3,1316,230819.31,13639.38,5.35,3.04
2024-06-01,New York Flagship,Electronics,5367,257710.04,2313,420804.48,20533.71,7.16,1.75
2024-06-01,New York Flagship,Home & Kitchen,10120,710088.56,4497,1177813.49,74740.65,8.14,1.13
2024-06-01,New York Flagship,Beauty & Personal Care,7931,612694.38,891,680725.05,22205.91,5.48,3.84
2024-06-01,New York Flagship,Outdoor Gear,17585,912970.35,4344,1131747.46,78623.45,5.56,1.89
2024-06-01,Chicago Central,Apparel,16725,899508.76,2009,1080434.49,74859.46,3.47,3.38
2024-06-01,Chicago Central,Footwear,7290,211091.56,934,255039.15,19427.03,3.54,2.83
2024-06-01,Chicago Central,Electronics,5111,316825.11,3689,670683.13,38051.53,6.4,3.34
2024-06-01,Chicago Central,Home & Kitchen,1407,74099.9,3685,427672.39,20893.61,3.47,1.21
2024-06-01,Chicago Central,Beauty & Personal Care,5309,141066.92,2434,353479.96,17234.53,7.26,1.91
2024-06-01,Chicago Central,Outdoor Gear,5980,192547.65,4002,485444.41,10980.61,4.27,0.59
2024-06-01,San Francisco Bay,Apparel,17282,601300.67,611,667509.58,39396.11,4.52,3.42
2024-06-01,San Francisco Bay,Footwear,7436,337820.37,652,402778.74,12265.26,9.54,2.29
2024-06-01,San Francisco Bay,Electronics,3271,149902.17,3079,362715.01,28748.42,3.46,4.23
2024-06-01,San Francisco Bay,Home & Kitchen,5903,324259.28,1573,469198.25,23084.62,8.96,4.37
2024-06-01,San Francisco Bay,Beauty & Personal Care,13782,516857.48,1694,624342.7,25940.85,5.73,2.5
2024-06-01,San Francisco Bay,Outdoor Gear,13965,447749.38,1239,533531.74,27080.42,5.93,0.8
2024-06-01,Austin Downtown,Apparel,5848,209621.21,1946,372189.46,20382.92,7.57,0.91
2024-06-01,Austin Downtown,Footwear,4416,193864.9,2340,359859.79,25722.48,3.26,3.03
2024-06-01,Austin Downtown,Electronics,13788,486351.85,3766,872145.14,40573.47,5.38,2.43
2024-06-01,Austin Downtown,Home & Kitchen,12283,840371.77,1580,957628.62,52931.07,9.46,1.59
2024-06-01,Austin Downtown,Beauty & Personal Care,7299,315638.55,3478,638626.95,38207.95,6.33,4.13
2024-06-01,Austin Downtown,Outdoor Gear,15335,840048.91,2042,1006020.87,52709.81,3.43,4.74
2024-06-01,Seattle Metro,Apparel,2168,112184.23,1343,177132.11,10344.55,4.68,1.27
2024-06-01,Seattle Metro,Footwear,6378,253236.84,1308,361805.54,22175.96,5.82,2.56
2024-06-01,Seattle Metro,Electronics,6570,146357.52,4365,434462.77,34055.74,7.03,1.59
2024-06-01,Seattle Metro,Home & Kitchen,7770,383646.92,4223,608197.34,17006.95,4.15,4.54
2024-06-01,Seattle Metro,Beauty & Personal Care,5670,176299.5,1664,261335.8,15773.22,6.13,4.23
2024-06-01,Seattle Metro,Outdoor Gear,13573,492661.43,2774,740687.88,36908.84,7.28,4.24
2024-06-01,Miami Beach,Apparel,13344,316275.16,2163,525454.94,39472.53,7.16,4.55
2024-06-01,Miami Beach,Footwear,15165,668115.41,2708,808737.92,48096.22,9.8,0.71
2024-06-01,Miami Beach,Electronics,6904,486873.98,2932,636057.98,23738.41,3.92,3.3
2024-06-01,Miami Beach,Home & Kitchen,4373,176292.5,1937,318625.59,23604.59,8.99,1.86
2024-06-01,Miami Beach,Beauty & Personal Care,6650,286200.35,1121,383940.18,15243.53,7.36,3.12
2024-06-01,Miami Beach,Outdoor Gear,3390,206607.49,3175,462679.12,25812.46,6.8,2.41
2024-07-01,New York Flagship,Apparel,15637,408109.62,3315,701267.77,40091.07,6.26,2.13
2024-07-01,New York Flagship,Footwear,7671,391747.08,2801,684242.55,47093.66,3.92,1.14
2024-07-01,New York Flagship,Electronics,12756,456408.42,3130,677492.05,35883.27,8.13,3.58
2024-07-01,New York Flagship,Home & Kitchen,7770,178873.36,706,230415.62,17005.33,3.67,4.61
2024-07-01,New York Flagship,Beauty & Personal Care,10106,437429.85,440,467286.26,12189.28,6.41,1.6
2024-07-01,New York Flagship,Outdoor Gear,4810,356218.64,405,390510.68,24590.08,5.0,2.28
2024-07-01,Chicago Central,Apparel,2486,149514.5,3954,403333.97,27267.17,4.42,4.45
2024-07-01,Chicago Central,Footwear,10867,292041.73,2145,465282.07,10517.59,7.38,4.59
2024-07-01,Chicago Central,Electronics,16422,947995.61,1600,1111953.08,37455.9,4.6,3.13
2024-07-01,Chicago Central,Home & Kitchen,11817,498715.94,2931,777296.95,41506.28,4.89,1.8
2024-07-01,Chicago Central,Beauty & Personal Care,8007,545007.68,3573,893801.97,58990.37,4.19,2.32
2024-07-01,Chicago Central,Outdoor Gear,16196,443122.8,3803,691449.82,23381.22,4.56,3.24
2024-07-01,San Francisco Bay,Apparel,10360,454708.02,740,511902.51,40577.04,4.1,3.49
2024-07-01,San Francisco Bay,Footwear,12743,371969.19,3902,700553.73,28185.82,9.18,3.82
2024-07-01,San Francisco Bay,Electronics,13523,362373.96,372,386933.08,13000.71,5.54,0.8
2024-07-01,San Francisco Bay,Home & Kitchen,7904,542090.58,2864,683989.05,39951.86,4.99,3.05
2024-07-01,San Francisco Bay,Beauty & Personal Care,9458,490356.03,2728,694126.2,21809.09,3.55,2.13
2024-07-01,San Francisco Bay,Outdoor Gear,10886,523088.78,961,601457.65,46587.42,4.36,3.47
2024-07-01,Austin Downtown,Apparel,1407,63217.58,932,154942.61,3110.35,5.19,4.72
2024-07-01,Austin Downtown,Footwear,11954,883663.08,536,911957.92,71542.99,3.33,3.67
2024-07-01,Austin Downtown,Electronics,9755,347714.79,585,393849.22,22612.91,3.79,3.75
2024-07-01,Austin Downtown,Home & Kitchen,12223,615830.82,1823,781848.52,17333.29,5.2,1.63
2024-07-01,Austin Downtown,Beauty & Personal Care,17924,741946.4,2796,923292.39,40457.65,6.15,3.08
2024-07-01,Austin Downtown,Outdoor Gear,5606,174115.61,705,228613.96,18181.55,8.82,1.4
2024-07-01,Seattle Metro,Apparel,1760,50189.07,893,126823.43,7667.52,6.71,3.6
2024-07-01,Seattle Metro,Footwear,8893,235944.45,3278,457197.92,35906.78,7.43,4.04
2024-07-01,Seattle Metro,Electronics,10184,497425.75,394,527629.41,29745.2,8.25,1.25
2024-07-01,Seattle Metro,Home & Kitchen,12338,929750.49,1348,1048792.3,28638.02,6.36,2.68
2024-07-01,Seattle Metro,Beauty & Personal Care,15091,399580.43,3979,732339.82,55794.74,8.98,1.69
2024-07-01,Seattle Metro,Outdoor Gear,3694,213831.89,2184,314622.85,17667.08,5.61,2.16
2024-07-01,Miami Beach,Apparel,15028,987679.97,4150,1377889.86,78773.78,5.16,2.35
2024-07-01,Miami Beach,Footwear,13368,400585.02,1479,496295.38,12934.82,7.77,0.77
2024-07-01,Miami Beach,Electronics,15283,1189247.01,2448,1397300.73,53621.72,7.32,2.77
2024-07-01,Miami Beach,Home & Kitchen,16622,1102990.1,1067,1164503.14,48985.48,5.93,4.06
2024-07-01,Miami Beach,Beauty & Personal Care,11156,487254.04,4016,670853.64,30167.78,6.38,0.58
2024-07-01,Miami Beach,Outdoor Gear,8958,489109.5,1200,559895.25,11605.09,4.79,4.7
2024-08-01,New York Flagship,Apparel,3585,91842.44,971,166328.35,4421.7,6.82,2.45
2024-08-01,New York Flagship,Footwear,11949,363282.16,4135,724520.69,49731.94,7.25,4.2
2024-08-01,New York Flagship,Electronics,11836,348642.64,316,376392.18,28820.3,8.54,0.83
2024-08-01,New York Flagship,Home & Kitchen,10512,726261.55,4197,984162.16,65811.15,8.65,2.63
2024-08-01,New York Flagship,Beauty & Personal Care,17662,1268235.65,4226,1600807.15,46439.64,8.07,2.7
2024-08-01,New York Flagship,Outdoor Gear,10423,253629.97,3876,616049.43,36680.9,8.49,0.95
2024-08-01,Chicago Central,Apparel,12480,943039.7,4197,1257926.13,99999.22,9.61,4.55
2024-08-01,Chicago Central,Footwear,10164,599441.74,3723,783604.9,35620.97,3.75,2.71
2024-08-01,Chicago Central,Electronics,3576,155157.7,3293,305574.7,10794.37,4.92,0.8
2024-08-01,Chicago Central,Home & Kitchen,13704,708454.58,669,752571.12,20706.25,6.33,0.99
2024-08-01,Chicago Central,Beauty & Personal Care,1980,108139.02,4283,526866.67,31289.94,4.05,1.95
2024-08-01,Chicago Central,Outdoor Gear,13432,575445.06,3997,1000325.88,34452.79,4.0,1.35
2024-08-01,San Francisco Bay,Apparel,1885,42812.18,4288,315460.12,21753.13,8.89,4.14
2024-08-01,San Francisco Bay,Footwear,12382,447305.91,3768,671008.75,52810.96,8.14,2.9
2024-08-01,San Francisco Bay,Electronics,15771,394528.28,897,478807.87,17313.63,6.76,3.63
2024-08-01,San Francisco Bay,Home & Kitchen,14257,418825.2,582,481526.06,23740.99,4.19,1.97
2024-08-01,San Francisco Bay,Beauty & Personal Care,11717,613564.03,2024,802448.86,45512.03,3.9,1.15
2024-08-01,San Francisco Bay,Outdoor Gear,7126,387096.26,1604,538630.79,15945.79,6.25,0.54
2024-08-01,Austin Downtown,Apparel,7219,198912.14,2155,407957.08,13153.41,6.86,3.65
2024-08-01,Austin Downtown,Footwear,15766,889813.83,3437,1123873.52,75330.44,6.86,0.52
2024-08-01,Austin Downtown,Electronics,12005,823904.43,1337,949208.68,62192.71,7.68,3.75
2024-08-01,Austin Downtown,Home & Kitchen,6310,305011.94,1424,380635.47,16413.97,7.45,3.86
2024-08-01,Austin Downtown,Beauty & Personal Care,2213,122180.8,2128,309652.77,6227.98,4.38,0.63
2024-08-01,Austin Downtown,Outdoor Gear,7091,228003.16,2620,446074.01,21794.45,7.44,0.78
2024-08-01,Seattle Metro,Apparel,7843,418792.4,3113,657338.0,36786.04,7.17,0.6
2024-08-01,Seattle Metro,Footwear,12354,616493.24,963,680749.89,45674.11,7.87,3.89
2024-08-01,Seattle Metro,Electronics,17263,882771.27,1506,973629.37,41170.23,3.61,3.95
2024-08-01,Seattle Metro,Home & Kitchen,10718,835012.16,1319,920039.95,27977.31,7.41,2.63
2024-08-01,Seattle Metro,Beauty & Personal Care,2933,227316.53,2471,400160.86,21733.67,7.08,1.29
2024-08-01,Seattle Metro,Outdoor Gear,9529,388141.25,3996,720119.58,39742.5,7.8,4.5
2024-08-01,Miami Beach,Apparel,6217,440616.78,2303,664403.47,31553.33,6.39,1.07
2024-08-01,Miami Beach,Footwear,16278,1182094.47,3278,1422684.25,90725.28,8.25,1.18
2024-08-01,Miami Beach,Electronics,15339,450285.04,1919,618585.34,47876.57,3.66,0.75
2024-08-01,Miami Beach,Home & Kitchen,10757,394303.41,462,423370.05,28462.15,9.63,2.1
2024-08-01,Miami Beach,Beauty & Personal Care,3214,151653.98,504,183118.21,5380.55,8.83,0.7
2024-08-01,Miami Beach,Outdoor Gear,9217,670633.5,989,741565.78,30285.99,9.14,0.59
2024-09-01,New York Flagship,Apparel,9127,481047.23,4026,893063.3,38943.7,8.66,3.89
2024-09-01,New York Flagship,Footwear,6632,329550.34,3952,675434.71,21536.82,6.93,2.49
2024-09-01,New York Flagship,Electronics,11323,470723.8,724,504340.77,31874.58,5.96,0.88
2024-09-01,New York Flagship,Home & Kitchen,1797,96010.97,1987,200248.94,14339.5,7.97,0.79
2024-09-01,New York Flagship,Beauty & Personal Care,13061,688771.37,1933,786024.75,37334.63,6.4,1.21
2024-09-01,New York Flagship,Outdoor Gear,15557,1082745.74,3437,1259206.69,90309.31,6.24,3.72
2024-09-01,Chicago Central,Apparel,9735,643194.64,910,687217.87,46165.02,4.53,1.61
2024-09-01,Chicago Central,Footwear,14019,736158.36,1391,867175.05,44367.41,4.55,4.27
2024-09-01,Chicago Central,Electronics,16139,585968.8,3348,858535.66,55842.4,6.88,2.88
2024-09-01,Chicago Central,Home & Kitchen,14765,608984.47,1367,718365.82,35824.01,3.9,3.32
2024-09-01,Chicago Central,Beauty & Personal Care,14689,399993.9,2851,562891.53,14433.76,5.55,3.76
2024-09-01,Chicago Central,Outdoor Gear,8439,562739.47,2585,768626.65,22657.03,7.79,3.91
2024-09-01,San Francisco Bay,Apparel,6143,430022.52,558,487673.47,14694.21,6.55,3.07
2024-09-01,San Francisco Bay,Footwear,1812,114205.96,987,168379.21,7816.06,7.26,0.86
2024-09-01,San Francisco Bay,Electronics,3791,108377.35,4258,567658.98,25581.93,9.7,3.37
2024-09-01,San Francisco Bay,Home & Kitchen,2483,193267.72,1829,326394.83,9705.03,3.28,2.91
2024-09-01,San Francisco Bay,Beauty & Personal Care,11792,278814.68,2239,509133.39,12608.38,8.03,1.31
2024-09-01,San Francisco Bay,Outdoor Gear,17848,1211300.15,945,1297451.81,50420.28,6.31,4.03
2024-09-01,Austin Downtown,Apparel,12164,440848.06,1454,589430.03,30371.03,4.81,0.99
2024-09-01,Austin Downtown,Footwear,11985,497194.36,1398,619274.14,35456.98,5.53,4.12
2024-09-01,Austin Downtown,Electronics,12301,945084.31,1230,1002922.0,64545.74,3.9,1.85
2024-09-01,Austin Downtown,Home & Kitchen,11687,302692.18,2258,428832.15,25437.01,9.75,0.81
2024-09-01,Austin Downtown,Beauty & Personal Care,10994,669231.52,1636,775173.18,45882.32,9.39,4.25
2024-09-01,Austin Downtown,Outdoor Gear,1592,105315.66,2557,328541.65,23804.03,3.2,1.23
2024-09-01,Seattle Metro,Apparel,16423,710330.27,441,754957.99,39860.95,5.71,4.7
2024-09-01,Seattle Metro,Footwear,13309,649850.83,2204,755051.28,48620.96,9.26,1.7
2024-09-01,Seattle Metro,Electronics,5288,202870.0,3246,508018.42,34694.82,3.32,4.64
2024-09-01,Seattle Metro,Home & Kitchen,8430,449439.96,1831,607420.09,28542.99,4.64,1.02
2024-09-01,Seattle Metro,Beauty & Personal Care,11904,423140.23,2667,641477.12,23753.71,8.64,0.82
2024-09-01,Seattle Metro,Outdoor Gear,12440,482615.65,2569,698212.65,16665.97,8.99,4.27
2024-09-01,Miami Beach,Apparel,9004,497204.55,4308,968012.27,55729.02,6.71,4.1
2024-09-01,Miami Beach,Footwear,11085,510289.39,1078,628549.7,44841.85,6.64,0.77
2024-09-01,Miami Beach,Electronics,13332,740496.56,2344,926002.09,20333.84,8.93,0.78
2024-09-01,Miami Beach,Home & Kitchen,12528,293254.79,642,340106.53,13269.87,6.07,3.83
2024-09-01,Miami Beach,Beauty & Personal Care,11288,463775.15,705,523320.03,30288.95,7.11,3.52
2024-09-01,Miami Beach,Outdoor Gear,11787,328109.87,878,404842.31,31185.76,7.16,3.7
2024-10-01,New York Flagship,Apparel,11184,414498.06,4305,628071.67,22148.0,5.59,2.53
2024-10-01,New York Flagship,Footwear,10121,736943.3,3751,1020244.01,47979.95,6.32,3.18
2024-10-01,New York Flagship,Electronics,9533,535789.72,2396,644803.32,21371.44,3.44,0.96
2024-10-01,New York Flagship,Home & Kitchen,5897,282582.53,4128,621834.62,31564.36,5.14,4.51
2024-10-01,New York Flagship,Beauty & Personal Care,6663,179082.75,1155,270967.58,19724.21,6.99,0.63
2024-10-01,New York Flagship,Outdoor Gear,16314,399885.5,1656,574448.99,17183.05,5.77,3.64
2024-10-01,Chicago Central,Apparel,14071,1024737.69,1432,1145761.51,44183.27,8.64,4.61
2024-10-01,Chicago Central,Footwear,4521,282101.51,473,304958.67,10812.75,3.59,3.1
2024-10-01,Chicago Central,Electronics,15169,430971.13,1289,556033.86,33228.51,3.81,3.06
2024-10-01,Chicago Central,Home & Kitchen,2135,136780.85,4108,429580.94,16867.44,8.15,2.27
2024-10-01,Chicago Central,Beauty & Personal Care,5068,304107.96,2797,591422.9,33073.28,6.51,1.1
2024-10-01,Chicago Central,Outdoor Gear,8744,267933.71,1070,366436.04,9979.34,9.16,0.79
2024-10-01,San Francisco Bay,Apparel,7231,560480.17,4308,872518.2,32896.07,6.41,2.98
2024-10-01,San Francisco Bay,Footwear,6676,192857.52,4444,455246.12,21850.21,8.59,0.79
2024-10-01,San Francisco Bay,Electronics,11716,712093.77,2958,860126.74,45201.43,8.89,3.04
2024-10-01,San Francisco Bay,Home & Kitchen,11281,490920.0,2542,747005.03,56023.97,6.04,1.87
2024-10-01,San Francisco Bay,Beauty & Personal Care,16207,693427.12,1441,824360.82,50536.86,5.67,1.22
2024-10-01,San Francisco Bay,Outdoor Gear,12372,719573.69,1891,898318.47,68989.66,5.44,2.72
2024-10-01,Austin Downtown,Apparel,3211,71848.64,3354,238412.55,10627.89,5.25,3.41
2024-10-01,Austin Downtown,Footwear,14903,632144.26,3999,962919.14,51594.47,3.89,1.22
2024-10-01,Austin Downtown,Electronics,10849,533695.11,1699,718095.03,37279.73,4.1,0.93
2024-10-01,Austin Downtown,Home & Kitchen,8797,208783.81,1557,318868.74,12369.68,4.17,2.6
2024-10-01,Austin Downtown,Beauty & Personal Care,3369,96029.24,423,123696.75,9067.49,7.18,4.05
2024-10-01,Austin Downtown,Outdoor Gear,16173,708555.08,2456,974044.36,64688.56,9.67,2.55
2024-10-01,Seattle Metro,Apparel,3132,163914.69,2690,361975.86,13805.76,4.91,1.34
2024-10-01,Seattle Metro,Footwear,1540,63412.71,1856,263521.3,14088.52,5.49,3.0
2024-10-01,Seattle Metro,Electronics,17196,805915.47,1434,946575.38,30705.52,8.36,3.66
2024-10-01,Seattle Metro,Home & Kitchen,3351,134864.66,4035,479223.39,15372.88,5.81,0.67
2024-10-01,Seattle Metro,Beauty & Personal Care,3860,202300.19,4030,418325.13,23250.87,7.15,2.02
2024-10-01,Seattle Metro,Outdoor Gear,4830,341569.26,4032,718484.26,38050.46,3.58,3.43
2024-10-01,Miami Beach,Apparel,3160,224729.95,1182,313467.32,24719.8,6.39,4.21
2024-10-01,Miami Beach,Footwear,8366,325747.43,1910,436927.58,28709.59,5.75,2.7
2024-10-01,Miami Beach,Electronics,4008,169486.35,3836,557929.36,43989.58,5.89,4.06
2024-10-01,Miami Beach,Home & Kitchen,7342,404682.07,1202,533468.03,17086.17,3.92,4.17
2024-10-01,Miami Beach,Beauty & Personal Care,9216,533155.79,4235,789902.05,30580.22,4.89,0.63
2024-10-01,Miami Beach,Outdoor Gear,2337,113819.46,3720,288606.32,20872.85,6.68,3.22
2024-11-01,New York Flagship,Apparel,1476,62121.99,4052,317881.77,10376.39,9.52,0.54
2024-11-01,New York Flagship,Footwear,13506,448891.59,3141,759381.02,28611.32,3.29,3.67
2024-11-01,New York Flagship,Electronics,1224,70309.93,3258,247171.34,16116.97,8.27,3.33
2024-11-01,New York Flagship,Home & Kitchen,12590,900534.49,2541,1032123.4,45357.71,7.97,1.71
2024-11-01,New York Flagship,Beauty & Personal Care,9805,229161.61,1398,323768.93,8631.64,8.53,4.58
2024-11-01,New York Flagship,Outdoor Gear,3292,248501.4,657,290859.35,7158.55,6.5,3.92
2024-11-01,Chicago Central,Apparel,9023,440164.98,1797,568087.59,21426.8,4.73,1.71
2024-11-01,Chicago Central,Footwear,4151,159318.89,4265,425032.32,9062.38,7.05,4.12
2024-11-01,Chicago Central,Electronics,16792,575618.71,3128,839080.93,34795.72,7.48,1.03
2024-11-01,Chicago Central,Home & Kitchen,11776,733742.79,1889,827560.78,50445.65,4.8,3.57
2024-11-01,Chicago Central,Beauty & Personal Care,10403,405497.16,2607,547023.21,36388.4,4.99,2.64
2024-11-01,Chicago Central,Outdoor Gear,13437,959288.41,1564,1081629.8,24673.18,5.02,3.54
2024-11-01,San Francisco Bay,Apparel,15287,339584.13,1188,399431.42,30298.17,8.66,1.06
2024-11-01,San Francisco Bay,Footwear,6993,276555.55,1118,358391.06,26734.75,5.69,4.65
2024-11-01,San Francisco Bay,Electronics,12884,367158.83,770,426524.22,18450.98,7.38,3.53
2024-11-01,San Francisco Bay,Home & Kitchen,7518,235684.59,4288,672667.08,20831.45,5.04,1.06
2024-11-01,San Francisco Bay,Beauty & Personal Care,13918,1041943.36,1616,1119724.82,46583.94,9.51,2.65
2024-11-01,San Francisco Bay,Outdoor Gear,2578,122793.18,526,159107.1,3681.95,8.27,2.29
2024-11-01,Austin Downtown,Apparel,14611,1017210.34,3537,1284955.29,93556.83,4.62,3.41
2024-11-01,Austin Downtown,Footwear,10588,254245.05,4276,484631.91,28640.96,8.07,1.86
2024-11-01,Austin Downtown,Electronics,17563,437724.81,839,514374.55,16435.77,9.08,1.74
2024-11-01,Austin Downtown,Home & Kitchen,15762,935388.53,2396,1060575.44,54038.14,4.97,4.09
2024-11-01,Austin Downtown,Beauty & Personal Care,5041,116358.11,974,191391.37,8470.48,6.7,3.06
2024-11-01,Austin Downtown,Outdoor Gear,14028,673194.31,1039,722762.6,31699.54,8.23,2.46
2024-11-01,Seattle Metro,Apparel,12223,797961.48,2451,929209.31,66371.35,7.0,0.83
2024-11-01,Seattle Metro,Footwear,17293,736562.21,3762,910144.29,34220.08,8.3,2.73
2024-11-01,Seattle Metro,Electronics,7355,162367.53,1272,300153.93,21258.0,3.36,4.36
2024-11-01,Seattle Metro,Home & Kitchen,13712,767106.98,3875,1056839.66,46374.46,5.2,0.78
2024-11-01,Seattle Metro,Beauty & Personal Care,9880,735992.74,3576,1070648.72,51850.01,3.58,4.62
2024-11-01,Seattle Metro,Outdoor Gear,1830,120726.22,2955,378733.85,22222.39,6.9,3.84
2024-11-01,Miami Beach,Apparel,10944,378896.07,3570,572219.39,32813.82,8.36,2.99
2024-11-01,Miami Beach,Footwear,9852,664250.72,3731,1051966.4,31383.17,7.44,3.98
2024-11-01,Miami Beach,Electronics,1415,88577.51,1892,283187.07,17688.79,3.61,1.13
2024-11-01,Miami Beach,Home & Kitchen,7139,249108.63,2595,388532.44,30101.96,6.7,1.54
2024-11-01,Miami Beach,Beauty & Personal Care,4844,364016.85,2800,603022.21,45660.61,8.22,2.85
2024-11-01,Miami Beach,Outdoor Gear,11741,542876.79,2057,710433.51,51035.91,6.38,4.36
2024-12-01,New York Flagship,Apparel,10011,693205.5,4123,1145390.53,59141.05,5.79,3.33
2024-12-01,New York Flagship,Footwear,15807,911212.92,1575,1083932.55,67966.22,9.68,2.95
2024-12-01,New York Flagship,Electronics,9748,453006.81,1169,552900.56,43607.64,4.45,3.91
2024-12-01,New York Flagship,Home & Kitchen,4842,202794.09,1596,374218.56,19192.76,9.65,3.76
2024-12-01,New York Flagship,Beauty & Personal Care,9399,613688.78,2319,755326.62,44138.95,7.6,1.2
2024-12-01,New York Flagship,Outdoor Gear,9477,528547.46,2768,654733.66,27120.22,9.31,1.48
2024-12-01,Chicago Central,Apparel,11610,285364.25,2517,451256.07,31986.17,8.01,0.91
2024-12-01,Chicago Central,Footwear,16714,395010.43,4247,768993.65,20847.54,5.11,2.21
2024-12-01,Chicago Central,Electronics,3376,82762.75,2952,308002.44,17903.14,3.8,0.64
2024-12-01,Chicago Central,Home & Kitchen,8978,675612.47,3974,925619.26,53058.69,9.75,2.16
2024-12-01,Chicago Central,Beauty & Personal Care,2305,135467.94,2461,390539.19,28369.29,9.63,0.62
2024-12-01,Chicago Central,Outdoor Gear,13802,474343.77,2213,711490.63,20555.45,7.69,1.47
2024-12-01,San Francisco Bay,Apparel,14196,884026.86,3171,1146286.87,58462.81,8.21,1.71
2024-12-01,San Francisco Bay,Footwear,1899,87516.86,2338,336559.86,24755.15,5.97,3.86
2024-12-01,San Francisco Bay,Electronics,10265,736798.05,2975,910210.67,32147.32,5.15,3.05
2024-12-01,San Francisco Bay,Home & Kitchen,15069,506261.82,3876,772477.23,29133.6,9.0,2.48
2024-12-01,San Francisco Bay,Beauty & Personal Care,16839,1150066.97,3907,1415427.16,98354.17,6.6,2.49
2024-12-01,San Francisco Bay,Outdoor Gear,4452,168367.77,578,229355.81,9979.14,6.81,2.79
2024-12-01,Austin Downtown,Apparel,5032,127986.57,1680,282552.18,9051.17,4.54,0.54
2024-12-01,Austin Downtown,Footwear,6834,488173.98,641,547407.13,42703.63,4.68,3.35
2024-12-01,Austin Downtown,Electronics,3949,267779.71,1435,408539.81,12622.59,5.65,4.38
2024-12-01,Austin Downtown,Home & Kitchen,13014,446996.44,609,497781.84,29698.09,3.72,2.84
2024-12-01,Austin Downtown,Beauty & Personal Care,4473,103583.93,820,154813.46,8933.67,6.38,2.06
2024-12-01,Austin Downtown,Outdoor Gear,14622,906677.37,3264,1172386.42,78366.89,7.88,1.24
2024-12-01,Seattle Metro,Apparel,2304,171057.7,4499,426208.25,11036.28,8.5,1.02
2024-12-01,Seattle Metro,Footwear,14889,935370.75,1961,1067540.71,23327.34,3.54,1.11
2024-12-01,Seattle Metro,Electronics,5557,329242.17,2592,590191.56,36633.3,8.0,2.92
2024-12-01,Seattle Metro,Home & Kitchen,3430,180971.42,4220,475247.43,14153.88,8.39,3.66
2024-12-01,Seattle Metro,Beauty & Personal Care,7233,165631.83,342,199672.74,4130.25,7.84,4.67
2024-12-01,Seattle Metro,Outdoor Gear,5996,164654.97,3686,450580.62,28103.43,6.73,2.83
2024-12-01,Miami Beach,Apparel,7626,373725.89,1299,447316.34,30417.6,6.85,2.21
2024-12-01,Miami Beach,Footwear,6186,440709.8,4031,799528.89,45974.31,5.29,4.01
2024-12-01,Miami Beach,Electronics,11958,472584.19,674,527962.38,36941.43,9.18,0.55
2024-12-01,Miami Beach,Home & Kitchen,5759,179206.5,412,198276.63,8613.32,4.46,2.27
2024-12-01,Miami Beach,Beauty & Personal Care,12008,854574.92,1187,968460.91,35973.96,6.06,3.45
2024-12-01,Miami Beach,Outdoor Gear,13453,577666.15,751,659399.9,44240.27,8.04,1.0
