date,category,region,revenue,orders,customers,profit
2024-01-01,Home & Living,South,591724.33,615,442,126720.75
2024-01-01,Beauty,North,599119.33,597,429,124419.08
2024-01-01,Home & Living,South,673144.33,696,501,96245.99
2024-02-01,Beauty,West,573781.0,463,333,91738.27
2024-02-01,Electronics,South,624612.0,529,380,124251.92
2024-02-01,Home & Living,East,677610.0,602,433,113694.24
2024-03-01,Fashion,East,571909.67,499,359,85598.66
2024-03-01,Grocery,North,558987.67,471,339,108232.76
2024-03-01,Electronics,North,624451.67,550,396,123476.08
2024-04-01,Home & Living,North,672190.67,612,440,160332.36
2024-04-01,Fashion,South,712095.67,652,469,131980.54
2024-04-01,Fashion,North,709488.67,627,451,114192.7
2024-05-01,Home & Living,West,668755.33,546,393,142386.49
2024-05-01,Beauty,South,723364.33,664,478,172849.6
2024-05-01,Electronics,East,708901.33,724,521,115483.44
2024-06-01,Beauty,East,691906.67,703,506,111464.98
2024-06-01,Grocery,South,677458.67,562,404,121646.64
2024-06-01,Beauty,East,691156.67,676,486,113807.76
2024-07-01,Home & Living,South,780252.67,625,450,140398.7
2024-07-01,Electronics,North,801510.67,666,479,119497.98
2024-07-01,Grocery,North,708007.67,686,493,155200.9
2024-08-01,Beauty,North,752327.0,632,455,145132.48
2024-08-01,Fashion,North,682317.0,557,401,146758.05
2024-08-01,Electronics,East,729227.0,622,447,113625.07
2024-09-01,Fashion,South,725240.33,599,431,167721.1
2024-09-01,Beauty,North,718473.33,629,452,155370.63
2024-09-01,Fashion,East,763383.33,636,457,108360.49
2024-10-01,Electronics,North,686774.0,640,460,156447.78
2024-10-01,Beauty,South,798989.0,811,583,189998.35
2024-10-01,Home & Living,East,705247.0,591,425,165510.8
2024-11-01,Home & Living,East,823698.33,778,560,191832.22
2024-11-01,Beauty,West,817368.33,716,515,150240.48
2024-11-01,Fashion,North,744495.33,691,497,120957.96
2024-12-01,Electronics,South,794396.67,748,538,111786.77
2024-12-01,Electronics,South,751741.67,778,560,169866.21
2024-12-01,Home & Living,West,807074.67,673,484,130280.96
2024-01-01,Electronics,West,843887.0,728,524,134212.63
2024-01-01,Electronics,North,812776.0,697,501,147202.05
2024-01-01,Electronics,South,735789.0,636,457,156591.61
2024-02-01,Grocery,South,781270.0,638,459,144426.63
2024-02-01,Electronics,West,804426.0,678,488,132714.72
2024-02-01,Beauty,North,757074.0,776,558,155362.55
2024-03-01,Grocery,South,800781.0,773,556,144654.21
2024-03-01,Electronics,West,843946.0,861,619,132046.92
2024-03-01,Beauty,West,808337.0,683,491,136224.93
2024-04-01,Electronics,North,809973.0,735,529,131029.4
2024-04-01,Grocery,South,842402.0,860,619,122160.28
2024-04-01,Home & Living,North,775103.0,640,460,114723.88
2024-05-01,Beauty,South,832476.33,778,560,150160.05
2024-05-01,Beauty,East,825079.33,832,599,150100.49
2024-05-01,Fashion,South,883019.33,837,602,182760.81
2024-06-01,Fashion,West,905628.33,890,640,187618.14
2024-06-01,Beauty,North,884759.33,896,645,124690.5
2024-06-01,Fashion,South,821080.33,670,482,132452.93
2024-07-01,Home & Living,West,843196.33,784,564,149205.88
2024-07-01,Beauty,East,904466.33,741,533,127332.86
2024-07-01,Electronics,South,852317.33,837,602,141865.32
2024-08-01,Home & Living,East,908324.67,859,618,192347.94
2024-08-01,Electronics,North,966953.67,805,579,159655.77
2024-08-01,Fashion,South,945501.67,866,623,136538.64
2024-09-01,Beauty,West,741493.9,718,516,158770.97
2024-09-01,Home & Living,North,675357.9,670,482,99631.76
2024-09-01,Grocery,South,769610.9,616,443,150268.46
2024-10-01,Electronics,East,927129.67,816,587,213145.39
2024-10-01,Fashion,West,901391.67,836,601,186311.66
2024-10-01,Home & Living,West,886836.67,828,596,200833.54
2024-11-01,Grocery,South,907850.33,810,583,198128.03
2024-11-01,Electronics,West,930773.33,902,649,203594.99
2024-11-01,Grocery,East,870983.33,731,526,141311.27
2024-12-01,Home & Living,West,960996.33,903,650,136813.63
2024-12-01,Fashion,East,987385.33,904,650,223578.89
2024-12-01,Beauty,East,1034871.33,896,645,215203.37
